<?xml version="1.0"?>
<!DOCTYPE hibernate-mapping PUBLIC 
        "-//Hibernate/Hibernate Mapping DTD 3.0//EN"
        "http://hibernate.sourceforge.net/hibernate-mapping-3.0.dtd">

<hibernate-mapping default-lazy="false">

	<class name="org.efs.openreports.objects.ReportGroup" table="REPORT_GROUP">
		
		<id name="id" column="GROUP_ID" type="java.lang.Integer">            
			<generator class="native"/>            
        </id>
         
        <property name="name" type="cn.GBKString" column="NAME" not-null="true" unique="true"/>
        
        <property name="description"  type="cn.GBKString" column="DESCRIPTION" not-null="true" unique="false"/>
        
         <list name="reports" table="REPORT_GROUP_MAP">
    		<key column="GROUP_ID"/>    		
    		<index column="MAP_ID" type="java.lang.Integer"/>    		
		    <many-to-many column="REPORT_ID" class="org.efs.openreports.objects.Report"/>
		</list>
        
    </class>
    
</hibernate-mapping>
