<?xml version="1.0"?>
<!DOCTYPE hibernate-mapping PUBLIC 
        "-//Hibernate/Hibernate Mapping DTD 3.0//EN"
        "http://hibernate.sourceforge.net/hibernate-mapping-3.0.dtd">

<hibernate-mapping default-lazy="false">

	<class name="org.efs.openreports.objects.ReportAlert" table="REPORT_ALERT">
		
		<id name="id" column="ALERT_ID" type="java.lang.Integer">            
			<generator class="native"/>            
        </id>
        
        <property name="name" type="cn.GBKString" column="NAME" not-null="true" unique="true"/>
        
        <property name="description" type="cn.GBKString" column="DESCRIPTION" not-null="true" unique="false"/>
        
        <property name="query" type="cn.GBKString" column="ALERT_QUERY" not-null="true" unique="false"/>     
        
        <many-to-one name="dataSource" class="org.efs.openreports.objects.ReportDataSource" column="DATASOURCE_ID"/>          
        
    </class>
    
</hibernate-mapping>
