<?xml version="1.0"?>
<!DOCTYPE hibernate-mapping PUBLIC 
        "-//Hibernate/Hibernate Mapping DTD 3.0//EN"
        "http://hibernate.sourceforge.net/hibernate-mapping-3.0.dtd">

<hibernate-mapping default-lazy="false">

	<class name="org.efs.openreports.objects.ReportLog" table="REPORT_LOG">
		
		<id name="id" column="LOG_ID" type="java.lang.Integer">            
			<generator class="native"/>            
        </id>
        
        <property name="startTime" column="START_TIME"/>
        
        <property name="endTime" column="END_TIME"/>
        
        <property name="status" column="STATUS"/>
        
        <property name="message" column="MESSAGE" type="text"/>
        
        <property name="exportType" column="EXPORT_TYPE"/>
        
        <property name="requestId" column="REQUEST_ID"/>
                
        <many-to-one name="report" class="org.efs.openreports.objects.Report" column="REPORT_ID"/>        
        
        <many-to-one name="user" class="org.efs.openreports.objects.ReportUser" column="USER_ID"/>        
        
        <many-to-one name="alert" class="org.efs.openreports.objects.ReportAlert" column="ALERT_ID"/>        
        
        <list name="deliveryLogs" cascade="all">
             <key column="LOG_ID"/>
             <index column="DELIVERY_INDEX"/>
             <one-to-many class="org.efs.openreports.objects.ReportDeliveryLog"/>
        </list>
       
    </class>
    
</hibernate-mapping>
